casenumber,location,reported_date,month,year,offense_desc,statute_code,statute_desc,counts,reporting_officer,unique_id,violent_cat,property_cat
2024-00501391,STONE ST,2024-08-15T13:00:45.000,8,2024,"Fraud, Swindle",11-49.1-3,IDENTITY FRAUD - FALSE PRETENSE,1,MTroia,2024-00501391-001,,
2024-00501390,STONE ST,2024-08-15T12:33:04.000,8,2024,"Fraud, Swindle",11-49.1-3,IDENTITY FRAUD - FALSE PRETENSE,1,MTroia,2024-00501390-001,,
2024-00066883,EXCHANGE ST,2024-08-15T12:22:00.000,8,2024,Larceny from Motor Vehicle,11-41-1,LARCENY/U $1500 - FROM MV,1,Central Station,2024-00066883-001,,Larceny-theft
2024-00066571,DEXTER ST,2024-08-14T12:13:00.000,8,2024,"Larceny, Other",11-41-1,LARCENY/U $1500 - ALL OTH LARCENY,1,Central Station,2024-00066571-001,,Larceny-theft
2024-00066528,NOYES ST,2024-08-14T08:56:00.000,8,2024,Motor Vehicle Violation,Not Used,No Violations,0,LSan Lucas,2024-00066528-001,,
2024-00066040,0 Block PLEASANT VALLEY PKY,2024-08-12T16:50:00.000,8,2024,"Larceny, Other",11-41-1,LARCENY/U $1500 - ALL OTH LARCENY,1,ESoloman,2024-00066040-001,,Larceny-theft
2024-00066034,FINANCE WAY &  FRANCIS ST,2024-08-12T16:24:25.000,8,2024,"Assault, Simple",11-5-3,SIMPLE ASSAULT OR BATTERY,1,CMain,2024-00066034-001,,
2024-00065903,0 Block PLEASANT VALLEY,2024-08-12T05:23:09.000,8,2024,Tresspassing,11-44-28,TRESPASS UPON PREMISES/PRIVATE REC. FACILITIES,1,BAucoin,2024-00065903-001,,
2024-00501361,PROVIDENCE PLACE ST,2024-08-12T04:52:00.000,8,2024,Vandalism,11-44-1,VANDALISM/MALICIOUS INJURY TO PROPERTY,1,NField,2024-00501361-001,,
2024-00501360,WEYBOSSET ST,2024-08-12T04:51:19.000,8,2024,"Larceny, Other",11-41-1,LARCENY/U $1500 - ALL OTH LARCENY,1,NField,2024-00501360-001,,Larceny-theft
2024-00501359,NORTH MAIN,2024-08-11T21:21:22.000,8,2024,"Fraud, Swindle",11-49.1-3,IDENTITY FRAUD - FALSE PRETENSE,1,NField,2024-00501359-001,,
2024-00501352,VALLEY,2024-08-10T15:46:29.000,8,2024,Vandalism,11-44-1,VANDALISM/MALICIOUS INJURY TO PROPERTY,1,NField,2024-00501352-001,,
2024-00065238,DIST 7 SUB,2024-08-10T11:19:00.000,8,2024,Request for Assistance,Not Used,No Violations,0,CHines,2024-00065238-001,,
2024-00064948,BRANCH AVE,2024-08-09T12:22:41.000,8,2024,City Ordinance Violation,Not Used,No Violations,0,APereira II,2024-00064948-001,,
2024-00064915,0 Block PONTIAC ST,2024-08-09T10:00:00.000,8,2024,Property Damage,Not Used,No Violations,0,PCaminero,2024-00064915-001,,
2024-00064699,DYER ST,2024-08-08T13:52:00.000,8,2024,Request for Assistance,Not Used,No violations,0,Central Station,2024-00064699-001,,
2024-00064460,N MAIN ST &  SMITH ST,2024-08-07T16:42:00.000,8,2024,Disorderly Conduct,11-45-1,DISORDERLY CONDUCT,1,Central Station,2024-00064460-001,,
2024-00064168,WASHINGTON ST & W FOUNTAIN ST,2024-08-06T14:48:00.000,8,2024,Suspicious Person,Not Used,No Violations,0,MAddai,2024-00064168-001,,
2024-00063699,W EXCHANGE ST  &  W EXCHANGE EXIT,2024-08-04T19:11:15.000,8,2024,Traffic Violation,31-26-2,Duty to Stop in Accidents Resulting in Damage to Attended Vehicles,1,FLopez,2024-00063699-001,,
2024-00501305,SPRUCE STREET 02903,2024-08-04T17:35:56.000,8,2024,Larceny from Motor Vehicle,11-41-1,LARCENY/U $1500 - FROM MV,1,NField,2024-00501305-001,,Larceny-theft
2024-00063614,FRANCIS ST,2024-08-04T12:12:44.000,8,2024,"Larceny, Other",11-41-1,LARCENY/U $1500 - ALL OTH LARCENY,1,LAndreozzi,2024-00063614-001,,Larceny-theft
2024-00501303,SUTTON,2024-08-04T06:05:04.000,8,2024,Vandalism,11-44-1,VANDALISM/MALICIOUS INJURY TO PROPERTY,1,NField,2024-00501303-001,,
2024-00501300,0 Block TERRACE,2024-08-03T15:35:33.000,8,2024,"Fraud, Credit Card",11-49-4,FRAUDULENT USE OF CREDIT CARDS,1,NField,2024-00501300-001,,
2024-00062989,EDDY ST,2024-08-02T12:49:00.000,8,2024,"Larceny, Other",11-41-1,LARCENY/U $1500 - ALL OTH LARCENY,1,Central Station,2024-00062989-001,,Larceny-theft
2024-00062969,HAYWARD ST,2024-08-02T11:15:00.000,8,2024,Drug Offenses,21-28-4.01-C1A,POSSESSION OF SCHEDULE I II III,1,MMarwell,2024-00062969-001,,
2024-00062941,POINT ST,2024-08-02T09:25:00.000,8,2024,Request for Assistance,Not Used,No violations,0,Central Station,2024-00062941-001,,
2024-00062903,E FRANKLIN ST &  PINE ST,2024-08-02T04:28:08.000,8,2024,Vandalism,11-44-1,VANDALISM/MALICIOUS INJURY TO PROPERTY,1,THoulihan,2024-00062903-001,,
2024-00062469,0 Block PLEASANT VALLEY PKY,2024-07-31T16:02:29.000,7,2024,Dispersals,Not Used,No Violations,0,ELane,2024-00062469-001,,
2024-00501282,FALLS PL,2024-07-31T13:34:23.000,7,2024,Vandalism,11-44-1,VANDALISM/MALICIOUS INJURY TO PROPERTY,1,NField,2024-00501282-001,,
2024-00501268,FRANCIS ST,2024-07-30T08:16:34.000,7,2024,"Larceny, Other",11-41-1,LARCENY/U $1500 - ALL OTH LARCENY,1,NField,2024-00501268-001,,Larceny-theft
2024-00501265,BRAYTON AVE,2024-07-29T18:48:54.000,7,2024,Vandalism,11-44-1,VANDALISM/MALICIOUS INJURY TO PROPERTY,1,NField,2024-00501265-001,,
2024-00061726,FEDERAL HILL ST,2024-07-29T01:46:00.000,7,2024,Vandalism,11-44-1,VANDALISM/MALICIOUS INJURY TO PROPERTY,1,Central Station,2024-00061726-001,,
2024-00061128,1100 Block NARRAGANSETT BLVD,2024-07-27T02:33:00.000,7,2024,"Assault, Simple",11-5-3,SIMPLE ASSAULT OR BATTERY,1,Central Station,2024-00061128-001,,
2024-00061124,1100 Block NARRAGANSETT BLVD,2024-07-27T02:28:00.000,7,2024,Request for Assistance,Not Used,No Violations,0,Central Station,2024-00061124-001,,
2024-00061001,SPRUCE ST,2024-07-26T19:00:00.000,7,2024,Larceny from Motor Vehicle,11-41-1,LARCENY/O $1500 - FROM MV,1,Central Station,2024-00061001-001,,Larceny-theft
2024-00060914,STEEPLE COLLEGE,2024-07-26T12:14:00.000,7,2024,Vandalism,11-44-1,VANDALISM/MALICIOUS INJURY TO PROPERTY,1,Central Station,2024-00060914-001,,
2024-00060914,STEEPLE COLLEGE,2024-07-26T12:14:00.000,7,2024,"Larceny, Other",11-41-1,LARCENY/O $1500 - ALL OTH LARCENY,1,Central Station,2024-00060914-002,,Larceny-theft
2024-00501246,MITCHELL,2024-07-26T09:04:06.000,7,2024,"Larceny, Other",11-41-1,LARCENY/U $1500 - ALL OTH LARCENY,1,NField,2024-00501246-001,,Larceny-theft
2024-00060646,NORTH MAIN STREET,2024-07-25T14:33:00.000,7,2024,"Assault, Simple",11-5-3,SIMPLE ASSAULT OR BATTERY,1,Central Station,2024-00060646-001,,
2024-00501237,OLNEY ST,2024-07-24T21:48:04.000,7,2024,Larceny from Motor Vehicle,11-41-1,LARCENY/U $1500 - FROM MV,1,NField,2024-00501237-001,,Larceny-theft
2024-00060279,PARSONAGE ST,2024-07-24T10:13:00.000,7,2024,Larceny from Motor Vehicle,11-41-1,LARCENY/U $1500 - FROM MV,1,Central Station,2024-00060279-001,,Larceny-theft
2024-00060245,0 Block PLEASANT VALLEY PKY,2024-07-24T06:29:12.000,7,2024,Motor Vehicle Theft,11-41-1,LARCENY/O $1500 - AUTO THEFT,1,KWilliams,2024-00060245-001,,Motor Vehicle Theft
2024-00501229,200 Block ST,2024-07-23T18:14:01.000,7,2024,Vandalism,11-44-1,VANDALISM/MALICIOUS INJURY TO PROPERTY,1,NField,2024-00501229-001,,
2024-00060075,0 Block PLEASANT VALLEY PKY,2024-07-23T15:12:00.000,7,2024,Narcotics Violation,Not Used,"Under Investigation, Offense Pending",0,ECuri,2024-00060075-001,,
2024-00501225,CHESTNUT ST,2024-07-22T23:20:55.000,7,2024,Larceny from Motor Vehicle,11-41-1,LARCENY/U $1500 - FROM MV,1,NField,2024-00501225-001,,Larceny-theft
2024-00059770,300 Block SMITHFIELD RD,2024-07-22T12:34:00.000,7,2024,Larceny - Theft,Not Used,"Under Investigation, Offense Pending",0,NULL,2024-00059770-001,,Larceny-theft
2024-00059699,MANTON AVE &  WESTMINSTER ST,2024-07-22T07:08:00.000,7,2024,"Assault, Aggravated",11-5-2,FELONY ASSAULT/ DANG. WEAPON OR SUBSTANCE,1,ASubramaniam,2024-00059699-001,Aggravated Assault,
2024-00501217,0 Block ROGER WILLIAMS GRN,2024-07-21T22:05:37.000,7,2024,Vandalism,11-44-1,VANDALISM/MALICIOUS INJURY TO PROPERTY,1,NField,2024-00501217-001,,
2024-00059506,POINT ST & BRIDGE ST,2024-07-21T17:39:00.000,7,2024,City Ordinance Violation,Not Used,No Violations,0,MPetteruto,2024-00059506-001,,
2024-00501212,SPRUCE ST,2024-07-21T13:15:09.000,7,2024,Larceny from Motor Vehicle,11-41-1,LARCENY/U $1500 - FROM MV,1,NField,2024-00501212-001,,Larceny-theft
2024-00059324,NAVAHO ST  &  DUPONT DR,2024-07-21T02:05:00.000,7,2024,Dispersals,Not Used,No Violations,0,NColicci,2024-00059324-001,,
2024-00059255,WESTCOTT AVE & VALLEY ST,2024-07-21T00:10:00.000,7,2024,Drug Offenses,21-28-4.01-C1A,POSSESSION OF SCHEDULE I II III,1,RGaudiana,2024-00059255-001,,
2024-00059234,5800 Block - 1 FINANCIAL CENTER PLZ,2024-07-20T22:58:00.000,7,2024,Burglary,11-8-1.1,ATTEMPTED BREAKING AND ENTERING,1,JLeroux,2024-00059234-001,,Burglary
2024-00059119,0 Block PLEASANT VALLEY PKY,2024-07-20T17:09:22.000,7,2024,Warrant\Capias,BWARRANT-6D,BENCH WARRANT ISSUED FROM 6TH DISTRICT COURT,1,SCerullo,2024-00059119-001,,
2024-00058812,100 Block RANDALL SQ,2024-07-19T19:41:00.000,7,2024,Suspicious Person,Not Used,No Violations,0,DForte,2024-00058812-001,,
2024-00058704,0 Block ROGER WILLIAMS GRN,2024-07-19T12:43:00.000,7,2024,"Larceny, Other",11-41-1,LARCENY/U $1500 - ALL OTH LARCENY,1,YCaba,2024-00058704-001,,Larceny-theft
2024-00501208,DEXTER STREET,2024-07-19T12:05:32.000,7,2024,"Larceny, Other",11-41-1,LARCENY/U $1500 - ALL OTH LARCENY,1,NField,2024-00501208-001,,Larceny-theft
2024-00058652,1000 Block MANTON AVE,2024-07-19T09:34:20.000,7,2024,Motor Vehicle Theft,11-41-1,LARCENY/U $1500 - AUTO THEFT,1,EPedchenko,2024-00058652-001,,Motor Vehicle Theft
2024-00501205,SPRUCE ST,2024-07-18T21:51:07.000,7,2024,Vandalism,11-44-1,VANDALISM/MALICIOUS INJURY TO PROPERTY,1,NField,2024-00501205-001,,
2024-00058331,POE ST  &  ALLENS AVE,2024-07-17T23:54:00.000,7,2024,Drug Offenses,21-28-4.01-C1A,POSSESSION OF SCHEDULE I II III,1,MMarwell,2024-00058331-001,,
2024-00501199,SPRUCE ST,2024-07-17T21:29:29.000,7,2024,Larceny from Motor Vehicle,11-41-1,LARCENY/U $1500 - FROM MV,1,NField,2024-00501199-001,,Larceny-theft
2024-00501198,BOWEN ST,2024-07-17T20:46:40.000,7,2024,Vandalism,11-44-1,VANDALISM/MALICIOUS INJURY TO PROPERTY,1,NField,2024-00501198-001,,
2024-00501189,EDDY ST,2024-07-16T23:29:15.000,7,2024,Vandalism,11-44-1,VANDALISM/MALICIOUS INJURY TO PROPERTY,1,NField,2024-00501189-001,,
2024-00501186,SMITH ST & N MAIN ST,2024-07-16T16:01:05.000,7,2024,Vandalism,11-44-1,VANDALISM/MALICIOUS INJURY TO PROPERTY,1,NField,2024-00501186-001,,
2024-00057877,PROVIDENCE,2024-07-16T15:48:00.000,7,2024,Suspicious Person,Not Used,No violations,0,Central Station,2024-00057877-001,,
2024-00057454,CRANSTON ST  &  WANDSWORTH ST,2024-07-15T03:42:17.000,7,2024,Robbery,11-39-1,ROBBERY-1ST DEGREE,1,MSifontes,2024-00057454-001,Robbery,
2024-00056714,BROAD ST,2024-07-12T22:05:00.000,7,2024,Request for Assistance,Not Used,No violations,0,Central Station,2024-00056714-001,,
2024-00056711,MANTON  &  LIBRARY CT,2024-07-12T22:01:00.000,7,2024,Drug Offenses,21-28-4.01-C1A,POSSESSION OF SCHEDULE I II III,1,NEastman,2024-00056711-001,,
2024-00055954,YALE AVE,2024-07-10T18:33:00.000,7,2024,"Fraud, Swindle",11-41-4,OBT/ MONEY-FALSE PRETENSE/PERSONATION/0 $1500 - FALSE PRETENSE,1,ALima,2024-00055954-001,,
2024-00055954,YALE AVE,2024-07-10T18:33:00.000,7,2024,Receiving Stolen Property,31-9-2,Possession of Stolen Vehicle or Parts,1,ALima,2024-00055954-002,,
2024-00055928,EXCHANGE ST & FULTON ST,2024-07-10T17:00:00.000,7,2024,Traffic Violation,31-27-4,"Reckless Driving, Drag Racing - Attempting to Elude",1,ALugo,2024-00055928-001,,
2024-00055869,HARFORD AVE,2024-07-10T13:48:00.000,7,2024,Request for Assistance,Not Used,No violations,0,Central Station,2024-00055869-001,,
2024-00055621,DYER ST & HAY,2024-07-09T17:41:00.000,7,2024,Warrant\Capias,BWARRANT-SC,BENCH WARRANT ISSUED FROM SUPERIOR COURT,1,ACalle,2024-00055621-001,,
2024-00055530,2200 Block WARWICK AVE,2024-07-09T11:13:57.000,7,2024,"Assault, Simple",11-5-3,SIMPLE ASSAULT/BATTERY,1,HVentura,2024-00055530-001,,
2024-00055405,SUMMER ST,2024-07-08T20:16:00.000,7,2024,Vandalism,11-44-1,VANDALISM/MALICIOUS INJURY TO PROPERTY,1,Central Station,2024-00055405-001,,
2024-00055302,0 Block PLEASANT VALLEY PKY,2024-07-08T13:02:46.000,7,2024,Vandalism,11-44-1,VANDALISM/MALICIOUS INJURY TO PROPERTY,1,JSalmeron,2024-00055302-001,,
2024-00501123,GREENE MEMORIAL & CLADRASTIS,2024-07-07T08:50:13.000,7,2024,Larceny from Motor Vehicle,11-41-1,LARCENY/U $1500 - FROM MV,1,NField,2024-00501123-001,,Larceny-theft
2024-00501122,CLADRASTIS AVE,2024-07-07T08:09:33.000,7,2024,Larceny from Motor Vehicle,11-41-1,LARCENY/U $1500 - FROM MV,1,NField,2024-00501122-001,,Larceny-theft
2024-00054513,CANDACE ST &  SMITH ST,2024-07-05T22:30:00.000,7,2024,Receiving Stolen Property,31-9-2,Possession of Stolen Vehicle or Parts,1,RAnderson,2024-00054513-001,,
2024-00054412,CLYM ST &  ADMIRAL ST,2024-07-05T16:06:36.000,7,2024,Traffic Violation,31-26-2,Duty to Stop in Accidents Resulting in Damage to Attended Vehicles,1,FLopez,2024-00054412-001,,
2024-00501110,BRIDGE ST,2024-07-05T02:39:19.000,7,2024,Vandalism,11-44-1,VANDALISM/MALICIOUS INJURY TO PROPERTY,1,NField,2024-00501110-001,,
2024-00501109,600 Block S WATER ST CMN,2024-07-05T01:18:16.000,7,2024,Larceny from Motor Vehicle,11-41-1,LARCENY/U $1500 - FROM MV,1,NField,2024-00501109-001,,Larceny-theft
2024-00053870,0 Block PLEASANT VALLEY PKY,2024-07-04T02:28:50.000,7,2024,Disturbance,Not Used,No Violations,0,DPalumbo,2024-00053870-001,,
2024-00501102,TOCKWOTTON ST,2024-07-04T02:09:22.000,7,2024,Larceny from Motor Vehicle,11-41-1,LARCENY/U $1500 - FROM MV,1,NField,2024-00501102-001,,Larceny-theft
2024-00053594,0 Block CITIZEN PLAZA,2024-07-03T11:36:00.000,7,2024,"Assault, Simple",11-5-3,SIMPLE ASSAULT OR BATTERY,1,Central Station,2024-00053594-001,,
2024-00501098,BROAD ST ST,2024-07-03T10:41:14.000,7,2024,Larceny from Motor Vehicle,11-41-1,LARCENY/U $1500 - FROM MV,1,NField,2024-00501098-001,,Larceny-theft
2024-00053447,BRIDGE ST &  SOUTH WATER ST,2024-07-02T22:28:09.000,7,2024,Vandalism,11-44-1,VANDALISM/MALICIOUS INJURY TO PROPERTY,1,HEspanol,2024-00053447-001,,
2024-00053388,SWATER  & POINT ST,2024-07-02T20:31:00.000,7,2024,RI Statute Violation,12-9-16,WARRANT OF ARREST ON AFFIDAVIT - ALL OTH OFFENSE,1,DForte,2024-00053388-001,,
2024-00501092,SPRUCE ST,2024-07-02T12:49:53.000,7,2024,Vandalism,11-44-1,VANDALISM/MALICIOUS INJURY TO PROPERTY,1,NField,2024-00501092-001,,
2024-00053001,PROVIDENCE,2024-07-01T18:21:00.000,7,2024,Request for Assistance,Not Used,No violations,0,Central Station,2024-00053001-001,,
2024-00052873,GORDEN STREET,2024-07-01T10:30:00.000,7,2024,Vandalism,11-44-1,VANDALISM/MALICIOUS INJURY TO PROPERTY,1,Central Station,2024-00052873-001,,
2024-00501071,PERKINS ST,2024-06-29T13:09:43.000,6,2024,Larceny from Motor Vehicle,11-41-1,LARCENY/U $1500 - FROM MV,1,NField,2024-00501071-001,,Larceny-theft
2024-00052218,PINE STREET,2024-06-29T01:35:04.000,6,2024,Disturbance,Not Used,No Violations,0,JNajarian,2024-00052218-001,,
2024-00501058,600 Block S WATER ST,2024-06-28T16:11:47.000,6,2024,Larceny from Motor Vehicle,11-41-1,LARCENY/U $1500 - FROM MV,1,MTroia,2024-00501058-001,,Larceny-theft
2024-00501062,600 Block SOUTH WATER ST,2024-06-28T13:35:48.000,6,2024,Larceny from Motor Vehicle,11-41-1,LARCENY/U $1500 - FROM MV,1,MTroia,2024-00501062-001,,Larceny-theft
2024-00051941,FRIENDSHIP ST,2024-06-28T04:26:38.000,6,2024,Robbery,11-39-1,ROBBERY-1ST DEGREE,1,THoulihan,2024-00051941-001,Robbery,
2024-00051940,BRIDGE ST,2024-06-28T04:06:00.000,6,2024,Larceny from Motor Vehicle,11-41-1,LARCENY/U $1500 - FROM MV,1,Central Station,2024-00051940-001,,Larceny-theft
2024-00051749,MTPLEASANT STREET,2024-06-27T15:52:00.000,6,2024,Narcotics Violation,Not Used,"Under Investigation, Offense Pending",0,ECuri,2024-00051749-001,,
2024-00051605,100 Block SABIN ST,2024-06-27T06:00:19.000,6,2024,"Larceny, Other",11-41-1,LARCENY/U $1500 - ALL OTH LARCENY,1,CNicholls,2024-00051605-001,,Larceny-theft
2024-00051425,BRANCH AVENUE,2024-06-26T14:25:00.000,6,2024,"Fraud, Swindle",11-49.1-3,IDENTITY FRAUD - FALSE PRETENSE,1,Central Station,2024-00051425-001,,
2024-00051358,0 Block PLEASANT VALLEY PKY,2024-06-26T10:23:50.000,6,2024,"Larceny, Other",11-41-1,LARCENY/U $1500 - ALL OTH LARCENY,1,YGonzalez,2024-00051358-001,,Larceny-theft
2024-00051066,0 Block ROGER WILLIAMS GRN,2024-06-25T12:29:00.000,6,2024,Receiving Stolen Property,31-9-2,Possession of Stolen Vehicle or Parts,1,ALugo,2024-00051066-001,,
2024-00501029,TOCKWOTTON ST,2024-06-24T19:21:58.000,6,2024,Vandalism,11-44-1,VANDALISM/MALICIOUS INJURY TO PROPERTY,1,NField,2024-00501029-001,,
2024-00050524,BROAD ST &  SERVICE 7 RD,2024-06-23T17:29:00.000,6,2024,Motor Vehicle Violation,Not Used,No Violations,0,RCriner,2024-00050524-001,,
2024-00501017,DUTTON ST,2024-06-23T12:04:20.000,6,2024,Vandalism,11-44-1,VANDALISM/MALICIOUS INJURY TO PROPERTY,1,NField,2024-00501017-001,,
2024-00050063,COLLYER ST,2024-06-22T11:14:00.000,6,2024,Suspicious Person,Not Used,No Violations,0,Central Station,2024-00050063-001,,
2024-00050030,AFRICA ST,2024-06-22T04:12:00.000,6,2024,Larceny from Motor Vehicle,11-41-1,LARCENY/U $1500 - FROM MV,1,Central Station,2024-00050030-001,,Larceny-theft
2024-00049851,ATWELLS AVE,2024-06-21T15:51:41.000,6,2024,Auto Towed,Not Used,Parking or MV Violation,0,AWagoner,2024-00049851-001,,
2024-00500999,BRIDGE STREET,2024-06-21T06:46:35.000,6,2024,Vandalism,11-44-1,VANDALISM/MALICIOUS INJURY TO PROPERTY,1,JLopes,2024-00500999-001,,
2024-00049431,0 Block SMITHFIELD AVE,2024-06-20T10:51:01.000,6,2024,Auto Towed,Not Used,Parking or MV Violation,0,JMadeira,2024-00049431-001,,
2024-00501007,E MONTGOMERY RD,2024-06-19T23:14:43.000,6,2024,"Fraud, Swindle",11-49.1-3,IDENTITY FRAUD - FALSE PRETENSE,1,JLopes,2024-00501007-001,,
2024-00048959,500 Block PLEASANT VALLEY PKY,2024-06-18T21:27:45.000,6,2024,Suspicious Person,Not Used,No Violations,0,ELane,2024-00048959-001,,
2024-00048488,W FRANKLIN ST & FRIENDSHIP ST,2024-06-17T14:11:00.000,6,2024,Stolen Vehicle\Recovered,Not Used,No Violations,0,MSepe,2024-00048488-001,,
2024-00500972,CEMETERY STREET,2024-06-16T16:42:49.000,6,2024,Vandalism,11-44-1,VANDALISM/MALICIOUS INJURY TO PROPERTY,1,NField,2024-00500972-001,,
2024-00500967,BRAYTON AVE,2024-06-16T12:34:48.000,6,2024,Vandalism,11-44-1,VANDALISM/MALICIOUS INJURY TO PROPERTY,1,MTroia,2024-00500967-001,,
2024-00500964,AFRICA ST,2024-06-16T10:31:21.000,6,2024,Vandalism,11-44-1,VANDALISM/MALICIOUS INJURY TO PROPERTY,1,MTroia,2024-00500964-001,,
2024-00500959,SPRUCE ST,2024-06-16T02:14:28.000,6,2024,Larceny from Motor Vehicle,11-41-1,LARCENY/U $1500 - FROM MV,1,MTroia,2024-00500959-001,,Larceny-theft
2024-00500958,CANAL ST,2024-06-16T02:06:22.000,6,2024,Larceny from Motor Vehicle,11-41-1,LARCENY/U $1500 - FROM MV,1,MTroia,2024-00500958-001,,Larceny-theft
2024-00047885,SPRUCE ST,2024-06-15T23:50:00.000,6,2024,Larceny from Motor Vehicle,11-41-1,LARCENY/O $1500 - FROM MV,1,Central Station,2024-00047885-001,,Larceny-theft
2024-00047758,ROSEDALE ST &  SERVICE 1 RD,2024-06-15T19:05:20.000,6,2024,Suspicious Person,Not Used,No Violations,0,AMitura,2024-00047758-001,,
2024-00047751,0 Block PLEASANT VALLEY PKY,2024-06-15T18:48:00.000,6,2024,NULL,Not Used,NULL,0,RFernandes,2024-00047751-001,,
2024-00047603,100 Block PECK ST,2024-06-15T09:20:00.000,6,2024,Auto Towed,Not Used,Parking or MV Violation,0,MMulligan,2024-00047603-001,,
2024-00500950,PINE ST,2024-06-15T08:59:05.000,6,2024,Vandalism,11-44-1,VANDALISM/MALICIOUS INJURY TO PROPERTY,1,MTroia,2024-00500950-001,,
2024-00500949,W EXCHANGE ST,2024-06-15T08:54:27.000,6,2024,Larceny from Motor Vehicle,11-41-1,LARCENY/U $1500 - FROM MV,1,MTroia,2024-00500949-001,,Larceny-theft
2024-00047583,WICKENDEN ST,2024-06-15T06:35:00.000,6,2024,Stolen Vehicle\Recovered,Not Used,No Violations,0,Central Station,2024-00047583-001,,
2024-00047586,0 Block RIDGEWAY ST,2024-06-15T06:18:46.000,6,2024,Motor Vehicle Theft,11-41-1,LARCENY/U $1500 - AUTO THEFT,1,EPedchenko,2024-00047586-001,,Motor Vehicle Theft
2024-00047302,S MAIN ST,2024-06-14T11:44:00.000,6,2024,Larceny from Motor Vehicle,11-41-1,LARCENY/U $1500 - FROM MV,1,Central Station,2024-00047302-001,,Larceny-theft
2024-00047300,ALLENS AVE &  BAY ST,2024-06-14T11:40:00.000,6,2024,Motor Vehicle Violation,Not Used,No Violations,0,RMalloy,2024-00047300-001,,
2024-00047245,BROAD ST,2024-06-14T08:25:00.000,6,2024,"Fraud, Welfare",40-6-16,FRAUDULENT USE OF FOOD STAMPS/U $500,1,Central Station,2024-00047245-001,,
2024-00047058,ELMWOOD AVE,2024-06-13T16:58:00.000,6,2024,Request for Assistance,Not Used,No violations,0,Central Station,2024-00047058-001,,
2024-00500933,INDIA ST,2024-06-13T14:08:41.000,6,2024,Vandalism,11-44-1,VANDALISM/MALICIOUS INJURY TO PROPERTY,1,NField,2024-00500933-001,,
2024-00500916,DUDLEY ST,2024-06-11T01:00:38.000,6,2024,Vandalism,11-44-1,VANDALISM/MALICIOUS INJURY TO PROPERTY,1,NField,2024-00500916-001,,
2024-00500905,SPRUCE ST,2024-06-09T16:34:33.000,6,2024,Vandalism,11-44-1,VANDALISM/MALICIOUS INJURY TO PROPERTY,1,NField,2024-00500905-001,,
2024-00500899,N MAIN ST,2024-06-09T01:15:23.000,6,2024,Vandalism,11-44-1,VANDALISM/MALICIOUS INJURY TO PROPERTY,1,NField,2024-00500899-001,,
2024-00500898,N HAUXHURST ST,2024-06-09T01:14:20.000,6,2024,Vandalism,11-44-1,VANDALISM/MALICIOUS INJURY TO PROPERTY,1,NField,2024-00500898-001,,
2024-00045264,DUPOINT DRIVE,2024-06-08T11:42:00.000,6,2024,Vandalism,11-44-1,VANDALISM/MALICIOUS INJURY TO PROPERTY,1,Central Station,2024-00045264-001,,
2024-00500892,SUTTON ST,2024-06-08T00:54:00.000,6,2024,Vandalism,11-44-1,VANDALISM/MALICIOUS INJURY TO PROPERTY,1,NField,2024-00500892-001,,
2024-00045056,BLACKSTONE BLVD,2024-06-07T21:32:44.000,6,2024,Auto Towed,Not Used,Parking or MV Violation,0,ABrodeur,2024-00045056-001,,
2024-00044296,MALTIDA ST & NASHUA ST,2024-06-05T13:14:00.000,6,2024,RI Statute Violation,12-9-16,WARRANT OF ARREST ON AFFIDAVIT - ALL OTH OFFENSE,1,TJones,2024-00044296-001,,
2024-00044296,MALTIDA ST & NASHUA ST,2024-06-05T13:14:00.000,6,2024,RI Statute Violation,11-32-1,OBSTRUCTING OFFICER IN EXECUTION OF DUTY,1,TJones,2024-00044296-002,,
2024-00044284,CRANSTON ST & GARFIELD AVE,2024-06-05T12:32:00.000,6,2024,Drug Offenses,21-28-4.01-C1A,POSSESSION OF SCHEDULE I II III,1,EAlarcon,2024-00044284-001,,
2024-00500876,BLACKSTONE BLVD,2024-06-04T15:47:04.000,6,2024,"Larceny, Other",11-41-1,LARCENY/U $1500 - ALL OTH LARCENY,1,NField,2024-00500876-001,,Larceny-theft
2024-00044001,RIVER DR,2024-06-04T14:16:00.000,6,2024,Assistance Rendered,Not Used,No violations,0,MCastillo,2024-00044001-001,,
2024-00500873,WASHINGTON S ST,2024-06-04T14:09:59.000,6,2024,"Larceny, Other",11-41-1,LARCENY/U $1500 - ALL OTH LARCENY,1,NField,2024-00500873-001,,Larceny-theft
2024-00500872,POCCASSETT AVE,2024-06-04T13:10:21.000,6,2024,"Fraud, Swindle",11-49.1-3,IDENTITY FRAUD - FALSE PRETENSE,1,NField,2024-00500872-001,,
2024-00043510,95  &  EXIT 36A,2024-06-03T00:42:00.000,6,2024,Warrant\Capias,BWARRANT-SC,BENCH WARRANT ISSUED FROM SUPERIOR COURT,1,ESoloman,2024-00043510-001,,
2024-00500861,PORTUGAL WAY,2024-06-02T18:02:58.000,6,2024,Larceny from Motor Vehicle,11-41-1,LARCENY/U $1500 - FROM MV,1,NField,2024-00500861-001,,Larceny-theft
2024-00043289,RICE ST &  PEARL ST,2024-06-02T13:05:00.000,6,2024,Disorderly Conduct,11-45-1,DISORDERLY CONDUCT,1,LFernandez,2024-00043289-001,,
2024-00043289,RICE ST &  PEARL ST,2024-06-02T13:05:00.000,6,2024,Traffic Violation,31-9-3,Injuring or Tampering with Vehicles,1,LFernandez,2024-00043289-002,,
2024-00042893,0 Block PLEASANT VALLEY PKY,2024-06-01T13:32:26.000,6,2024,"Larceny, Other",11-41-1,LARCENY/U $1500 - ALL OTH LARCENY,1,ADeschamps,2024-00042893-001,,Larceny-theft
2024-00500848,LA FITNESS  1300 N MAIN ST,2024-05-30T18:35:38.000,5,2024,Larceny from Motor Vehicle,11-41-1,LARCENY/U $1500 - FROM MV,1,NField,2024-00500848-001,,Larceny-theft
2024-00500845,0 Block PLEASANT,2024-05-30T14:01:48.000,5,2024,"Fraud, Swindle",11-49.1-3,IDENTITY FRAUD - FALSE PRETENSE,1,NField,2024-00500845-001,,
2024-00042026,PROVIDENCE,2024-05-29T22:25:00.000,5,2024,Request for Assistance,Not Used,No violations,0,Central Station,2024-00042026-001,,
2024-00500825,N I & 95 HWY,2024-05-28T10:09:21.000,5,2024,Property Damage,Not Used,No Violations,0,NField,2024-00500825-001,,
2024-00041430,WESTMINSTER ST,2024-05-28T09:08:00.000,5,2024,"Assault, Simple",11-5-3,SIMPLE ASSAULT OR BATTERY,1,Central Station,2024-00041430-001,,
2024-00041424,400 Block MARIETTA ST,2024-05-28T08:49:00.000,5,2024,"Fraud, Swindle",11-49.1-3,IDENTITY FRAUD - FALSE PRETENSE,1,Central Station,2024-00041424-001,,
2024-00041265,0 Block WATERPLACE PARK,2024-05-27T17:16:25.000,5,2024,Weapons,11-47-42,WEAPONS OTHER THAN FIREARMS PROHIBITED,1,CMain,2024-00041265-001,,
2024-00500820,BOWDOIN ST,2024-05-27T02:11:41.000,5,2024,Property Damage,Not Used,No Violations,0,NField,2024-00500820-001,,
2024-00041064,SPRUCE ST,2024-05-27T01:24:00.000,5,2024,Larceny from Motor Vehicle,11-41-1,LARCENY/U $1500 - FROM MV,1,Central Station,2024-00041064-001,,Larceny-theft
2024-00041051,BAY ST,2024-05-27T00:53:00.000,5,2024,Weapons,11-47-8-A,LICENSE OR PERMIT REQUIRED FOR CARRYING PISTOL,1,LRagosta,2024-00041051-001,,
2024-00040958,600 Block WATER STREET,2024-05-26T21:30:00.000,5,2024,Larceny from Building,11-41-1,LARCENY/O $1500 - FROM BLD,1,Central Station,2024-00040958-001,,Larceny-theft
2024-00040958,600 Block WATER STREET,2024-05-26T21:30:00.000,5,2024,Vandalism,11-44-1,VANDALISM/MALICIOUS INJURY TO PROPERTY,1,Central Station,2024-00040958-002,,
2024-00500818,HAYWARD ST,2024-05-26T15:02:38.000,5,2024,Vandalism,11-44-1,VANDALISM/MALICIOUS INJURY TO PROPERTY,1,NField,2024-00500818-001,,
2024-00500805,SNOW ST,2024-05-24T14:17:07.000,5,2024,"Larceny, Other",11-41-1,LARCENY/U $1500 - ALL OTH LARCENY,1,NField,2024-00500805-001,,Larceny-theft
2024-00500800,SPRUCE STREET ST,2024-05-24T02:21:31.000,5,2024,Vandalism,11-44-1,VANDALISM/MALICIOUS INJURY TO PROPERTY,1,NField,2024-00500800-001,,
2024-00038923,BENEDICT ST,2024-05-21T07:07:00.000,5,2024,Disorderly Conduct,11-45-1,DISORDERLY CONDUCT,1,MVoyer,2024-00038923-001,,
2024-00038923,BENEDICT ST,2024-05-21T07:07:00.000,5,2024,Drug Offenses,21-28-4.01-C1A,POSSESSION OF SCHEDULE I II III,1,MVoyer,2024-00038923-002,,
2024-00038454,BROAD ST & SERVICE RD 7,2024-05-19T16:55:31.000,5,2024,Traffic Violation,31-26-2,Duty to Stop in Accidents Resulting in Damage to Attended Vehicles,1,FLopez,2024-00038454-001,,
2024-00038063,0 Block PLEASANT VALLEY,2024-05-18T08:32:32.000,5,2024,Property Damage,Not Used,No Violations,0,YGonzalez,2024-00038063-001,,
2024-00500751,400 Block MOUNT PLEASANT,2024-05-17T09:37:12.000,5,2024,Larceny from Building,11-41-1,LARCENY/U $1500 - FROM BLD,1,NField,2024-00500751-001,,Larceny-theft
2024-00037682,STILLMAN ST,2024-05-17T03:06:47.000,5,2024,NULL,Not Used,No violations,0,ADaCruz,2024-00037682-001,,
2024-00500749,MAIN ST,2024-05-16T21:59:36.000,5,2024,Larceny from Motor Vehicle,11-41-1,LARCENY/U $1500 - FROM MV,1,NField,2024-00500749-001,,Larceny-theft
2024-00037508,CHAD BROWN ST,2024-05-16T15:09:00.000,5,2024,Request for Assistance,Not Used,No violations,0,Central Station,2024-00037508-001,,
2024-00037488,400 Block RAPHAEL AVE,2024-05-16T13:20:00.000,5,2024,"Larceny, Other",11-41-1,LARCENY/U $1500 - ALL OTH LARCENY,1,Central Station,2024-00037488-001,,Larceny-theft
2024-00500740,"900 Block CAHIR ST, UNIT 902, 902",2024-05-15T18:31:12.000,5,2024,Vandalism,11-44-1,VANDALISM/MALICIOUS INJURY TO PROPERTY,1,NField,2024-00500740-001,,
2024-00500734,300 Block RICMOND ST,2024-05-14T22:56:04.000,5,2024,Larceny from Motor Vehicle,11-41-1,LARCENY/U $1500 - FROM MV,1,NField,2024-00500734-001,,Larceny-theft
2024-00037042,0 Block WATERPLACE PARK,2024-05-14T21:13:38.000,5,2024,Warrant\Capias,BWARRANT-6D,BENCH WARRANT ISSUED FROM 6TH DISTRICT COURT,1,CMain,2024-00037042-001,,
2024-00036775,POTTERS AVE,2024-05-14T00:48:56.000,5,2024,City Ordinance Violation,Not Used,No Violations,0,RByfield,2024-00036775-001,,
2024-00036606,0 Block BOWLET ST,2024-05-13T13:41:00.000,5,2024,Breaking and Entering,Not Used,"Under Investigation, Offense Pending",0,JPerez,2024-00036606-001,,Burglary
2024-00036598,200 Block ELMWWOD AVE,2024-05-13T13:27:32.000,5,2024,"Larceny, Other",11-41-1,LARCENY/U $1500 - ALL OTH LARCENY,1,MChasse,2024-00036598-001,,Larceny-theft
2024-00036376,WINSLOW ST &  GREENE ST,2024-05-12T19:06:00.000,5,2024,Larceny - Theft,Not Used,"Under Investigation, Offense Pending",0,GGenao,2024-00036376-001,,Larceny-theft
2024-00036092,100 Block SABIN ST,2024-05-11T20:08:00.000,5,2024,Request for Assistance,Not Used,No Violations,0,CSimanski,2024-00036092-001,,
2024-00500718,ANGELL ST,2024-05-11T16:38:20.000,5,2024,"Larceny, Other",11-41-1,LARCENY/U $1500 - ALL OTH LARCENY,1,NField,2024-00500718-001,,Larceny-theft
2024-00036009,900 Block WASHINGTON ST,2024-05-11T14:07:00.000,5,2024,"Fraud, Swindle",19-9-29,BANK FRAUD,1,Central Station,2024-00036009-001,,
2024-00035901,KNOWLES ST  &  CYPRESS & ABBOTT,2024-05-11T02:25:36.000,5,2024,DUI,31-27-2,Driving Under the Influence of Liqour or Drugs (=>.08<.1),1,RRaso,2024-00035901-001,,
2024-00500712,BRAYTON AVE,2024-05-11T00:45:48.000,5,2024,Larceny from Motor Vehicle,11-41-1,LARCENY/U $1500 - FROM MV,1,NField,2024-00500712-001,,Larceny-theft
2024-00035771,0 Block FRANCIS ST,2024-05-10T19:11:26.000,5,2024,Weapons,11-47-42,WEAPONS OTHER THAN FIREARMS PROHIBITED,1,LAndreozzi,2024-00035771-001,,
2024-00500696,AMERICAS,2024-05-08T20:43:57.000,5,2024,Vandalism,11-44-1,VANDALISM/MALICIOUS INJURY TO PROPERTY,1,NField,2024-00500696-001,,
2024-00500695,FULTON ST,2024-05-08T11:44:53.000,5,2024,"Larceny, Other",11-41-1,LARCENY/U $1500 - ALL OTH LARCENY,1,NField,2024-00500695-001,,Larceny-theft
2024-00035014,WASHINGTON ST,2024-05-08T10:49:00.000,5,2024,"Larceny, Other",11-41-1,LARCENY/U $1500 - ALL OTH LARCENY,1,Central Station,2024-00035014-001,,Larceny-theft
2024-00500688,"200 Block 381 W FOUNTAIN ST, #207",2024-05-07T13:59:40.000,5,2024,"Larceny, Other",11-41-1,LARCENY/U $1500 - ALL OTH LARCENY,1,NField,2024-00500688-001,,Larceny-theft
2024-00034704,0 Block KELLEY ST,2024-05-07T13:38:00.000,5,2024,"Larceny, Other",11-41-1,LARCENY/U $1500 - ALL OTH LARCENY,1,Central Station,2024-00034704-001,,Larceny-theft
2024-00500682,400 Block MOUNTPLEASENT AVE,2024-05-07T10:29:46.000,5,2024,"Larceny, Other",11-41-1,LARCENY/U $1500 - ALL OTH LARCENY,1,NField,2024-00500682-001,,Larceny-theft
2024-00034578,SERVICE 7 RD &  BROAD ST,2024-05-07T00:45:00.000,5,2024,Warrant\Capias,BWARRANT-6D,BENCH WARRANT ISSUED FROM 6TH DISTRICT COURT,1,DSchiavulli,2024-00034578-001,,
2024-00034578,SERVICE 7 RD &  BROAD ST,2024-05-07T00:45:00.000,5,2024,Warrant\Capias,BWARRANT-SC,BENCH WARRANT ISSUED FROM SUPERIOR COURT,1,DSchiavulli,2024-00034578-002,,
2024-00034578,SERVICE 7 RD &  BROAD ST,2024-05-07T00:45:00.000,5,2024,RI Statute Violation,12-9-16,WARRANT OF ARREST ON AFFIDAVIT - ALL OTH OFFENSE,1,DSchiavulli,2024-00034578-003,,
2024-00500672,ESTEN ST ST,2024-05-06T01:58:17.000,5,2024,Larceny from Motor Vehicle,11-41-1,LARCENY/U $1500 - FROM MV,1,NField,2024-00500672-001,,Larceny-theft
2024-00034233,EXIT 21  &  BROADWAY,2024-05-05T22:42:02.000,5,2024,Traffic Violation,31-26-2,Duty to Stop in Accidents Resulting in Damage to Attended Vehicles,1,FLopez,2024-00034233-001,,
2024-00034224,100 Block CALVERLEY ST,2024-05-05T20:58:00.000,5,2024,Vandalism,11-44-1,VANDALISM/MALICIOUS INJURY TO PROP,1,IQuinn,2024-00034224-001,,
2024-00034224,100 Block CALVERLEY ST,2024-05-05T20:58:00.000,5,2024,Disorderly Conduct,11-45-1,DISORDERLY CONDUCT,1,IQuinn,2024-00034224-002,,
2024-00034133,100 Block QUINCE ST,2024-05-05T12:48:12.000,5,2024,Robbery,11-39-1,ROBBERY-1ST DEGREE,1,MRudolph,2024-00034133-001,Robbery,
2024-00500666,N MAIN ST,2024-05-04T18:38:01.000,5,2024,Vandalism,11-44-1,VANDALISM/MALICIOUS INJURY TO PROPERTY,1,NField,2024-00500666-001,,
2024-00500664,CHARLES ST,2024-05-04T14:02:11.000,5,2024,"Larceny, Other",11-41-1,LARCENY/U $1500 - ALL OTH LARCENY,1,NField,2024-00500664-001,,Larceny-theft
2024-00033531,PLEASANT VALLEY PKY,2024-05-03T13:17:00.000,5,2024,Weapons,11-47-8-A,LICENSE OR PERMIT REQUIRED FOR CARRYING PISTOL,1,MVoyer,2024-00033531-001,,
2024-00033531,PLEASANT VALLEY PKY,2024-05-03T13:17:00.000,5,2024,Drug Offenses,21-28-4.01-A2A,MANUFAC/POSS/DELIVER SCH 1/II,1,MVoyer,2024-00033531-002,,
2024-00033387,ASHBURTON ST &  OVERPASS,2024-05-02T22:17:00.000,5,2024,Vandalism,11-44-1,VANDALISM/MALICIOUS INJURY TO PROPERTY,1,BAucoin,2024-00033387-001,,
2024-00033387,ASHBURTON ST &  OVERPASS,2024-05-02T22:17:00.000,5,2024,Larceny from Motor Vehicle,11-41-1,LARCENY/U $1500 - FROM MV,1,BAucoin,2024-00033387-002,,Larceny-theft
2024-00500655,SPRUCE ST,2024-05-02T21:54:16.000,5,2024,Vandalism,11-44-1,VANDALISM/MALICIOUS INJURY TO PROPERTY,1,NField,2024-00500655-001,,
2024-00033170,100 Block SABIN ST,2024-05-02T10:34:00.000,5,2024,Motor Vehicle Theft,11-41-1,LARCENY/O $1500 - AUTO THEFT,1,AWagoner,2024-00033170-001,,Motor Vehicle Theft
2024-00033006,DEAN ST  &  W PARK ST,2024-05-01T20:52:48.000,5,2024,Traffic Violation,31-26-2,Duty to Stop in Accidents Resulting in Damage to Attended Vehicles,1,FLopez,2024-00033006-001,,
2024-00032824,UNION AVE &  RT10,2024-05-01T11:56:00.000,5,2024,Assistance Rendered,Not Used,No Violations,0,ITorres,2024-00032824-001,,
2024-00032821,SMITHFIELD AVE & WEEDEN ST,2024-05-01T11:47:00.000,5,2024,Assistance Rendered,Not Used,No Violations,0,LRamalho,2024-00032821-001,,
2024-00500639,GASPEE ST,2024-04-30T15:14:40.000,4,2024,Vandalism,11-44-1,VANDALISM/MALICIOUS INJURY TO PROPERTY,1,NField,2024-00500639-001,,
2024-00500635,MORRIS,2024-04-30T08:32:46.000,4,2024,"Larceny, Other",11-41-1,LARCENY/U $1500 - ALL OTH LARCENY,1,NField,2024-00500635-001,,Larceny-theft
2024-00500628,VALLEY ST,2024-04-29T10:58:25.000,4,2024,Vandalism,11-44-1,VANDALISM/MALICIOUS INJURY TO PROPERTY,1,NField,2024-00500628-001,,
2024-00500627,100 Block CALVERLEY ST,2024-04-29T09:20:45.000,4,2024,Vandalism,11-44-1,VANDALISM/MALICIOUS INJURY TO PROPERTY,1,NField,2024-00500627-001,,
2024-00500626,N MAIN ST &  SMITH ST,2024-04-29T02:15:11.000,4,2024,Vandalism,11-44-1,VANDALISM/MALICIOUS INJURY TO PROPERTY,1,NField,2024-00500626-001,,
2024-00500625,SPRUCE ST,2024-04-28T23:22:33.000,4,2024,Vandalism,11-44-1,VANDALISM/MALICIOUS INJURY TO PROPERTY,1,NField,2024-00500625-001,,
2024-00500624,ORANGE ST,2024-04-28T22:45:41.000,4,2024,Larceny from Motor Vehicle,11-41-1,LARCENY/U $1500 - FROM MV,1,NField,2024-00500624-001,,Larceny-theft
2024-00500610,200 Block FOUNTAIN ST,2024-04-27T23:25:24.000,4,2024,Vandalism,11-44-1,VANDALISM/MALICIOUS INJURY TO PROPERTY,1,NField,2024-00500610-001,,
2024-00500608,0 Block ATWELLS,2024-04-27T22:14:19.000,4,2024,Vandalism,11-44-1,VANDALISM/MALICIOUS INJURY TO PROPERTY,1,NField,2024-00500608-001,,
2024-00031310,ATWELLS AVENUE,2024-04-26T14:01:00.000,4,2024,Vandalism,11-44-1,VANDALISM/MALICIOUS INJURY TO PROP,1,Central Station,2024-00031310-001,,
2024-00030791,N MAIN ST,2024-04-24T15:06:00.000,4,2024,Request for Assistance,Not Used,No violations,0,Central Station,2024-00030791-001,,
2024-00030687,ATWELLS AVE  &  JOHN J PARTINGTON WAY,2024-04-24T02:01:14.000,4,2024,Auto Towed,Not Used,Parking or MV Violation,0,JDennis,2024-00030687-001,,
2024-00030330,FINANCE WAY &  FRANCIS ST,2024-04-22T17:01:58.000,4,2024,Warrant\Capias,BWARRANT-SC,BENCH WARRANT ISSUED FROM SUPERIOR COURT,1,CMain,2024-00030330-001,,
2024-00030086,EXCHANGE TER &  FRANCIS ST,2024-04-21T19:02:41.000,4,2024,Auto Towed,Not Used,Parking or MV Violation,0,CMain,2024-00030086-001,,
2024-00029924,ATWELLS AVE &  SERVICE 7 RD,2024-04-21T02:27:00.000,4,2024,DUI,31-27-2.1,Chemical Test Refusal,1,STeran,2024-00029924-001,,
2024-00029924,ATWELLS AVE &  SERVICE 7 RD,2024-04-21T02:27:00.000,4,2024,DUI,31-27-2,Driving Under the Influence of Liqour or Drugs (=>.08<.1),1,STeran,2024-00029924-002,,
2024-00029716,0 Block PROVIDENCE RAMP,2024-04-20T14:35:00.000,4,2024,"Larceny, Shoplifting",11-41-20,SHOPLIFTING-MISD - SHOPLIFTING,1,CMain,2024-00029716-001,,Larceny-theft
2024-00500554,NORTH MAIN ST,2024-04-20T00:37:06.000,4,2024,"Fraud, Swindle",11-49.1-3,IDENTITY FRAUD - FALSE PRETENSE,1,NField,2024-00500554-001,,
2024-00029348,0 Block WEEDED STREET,2024-04-19T10:20:00.000,4,2024,Motor Vehicle Theft,11-41-1,LARCENY/U $1500 - AUTO THEFT,1,Central Station,2024-00029348-001,,Motor Vehicle Theft
2024-00029133,CHAPIN AVE &  SERVICE 1 RD,2024-04-18T14:43:00.000,4,2024,Stolen Vehicle\Recovered,Not Used,No Violations,0,NAyala,2024-00029133-001,,
2024-00028806,RANDALL ST,2024-04-17T13:22:00.000,4,2024,"Assault, Simple",11-5-3,SIMPLE ASSAULT OR BATTERY,1,Central Station,2024-00028806-001,,
2024-00500540,0 Block 55 JEFFERSON PARK RD,2024-04-16T22:02:03.000,4,2024,"Fraud, Swindle",11-49.1-3,IDENTITY FRAUD - FALSE PRETENSE,1,NField,2024-00500540-001,,
2024-00500539,BRUSH HILL RD,2024-04-16T17:09:33.000,4,2024,"Fraud, Credit Card",11-49-4,FRAUDULENT USE OF CREDIT CARDS,1,NField,2024-00500539-001,,
2024-00028440,BLACKSONE STREET,2024-04-16T09:59:00.000,4,2024,Motor Vehicle Theft,11-41-1,LARCENY/O $1500 - AUTO THEFT,1,Central Station,2024-00028440-001,,Motor Vehicle Theft
2024-00500532,HOLDEN ST,2024-04-14T17:42:35.000,4,2024,"Fraud, Swindle",11-49.1-3,IDENTITY FRAUD - FALSE PRETENSE,1,NField,2024-00500532-001,,
2024-00027818,0 Block PLEASANT VALLEY,2024-04-14T02:41:48.000,4,2024,Vandalism,11-44-1,VANDALISM/MALICIOUS INJURY TO PROPERTY,1,DPalumbo,2024-00027818-001,,
2024-00027678,BROAD ST,2024-04-13T17:56:00.000,4,2024,Request for Assistance,Not Used,No violations,0,Central Station,2024-00027678-001,,
2024-00027568,BROAD STREET,2024-04-13T10:27:00.000,4,2024,"Assault, Simple",11-5-3,SIMPLE ASSAULT OR BATTERY,1,Central Station,2024-00027568-001,,
2024-00027508,JOHN J PARTINGTON WAY  &  POINT ST,2024-04-13T03:00:00.000,4,2024,Drug Offenses,21-28-4.01-C1A,POSSESSION OF SCHEDULE I II III,1,VLopez,2024-00027508-001,,
2024-00027508,JOHN J PARTINGTON WAY  &  POINT ST,2024-04-13T03:00:00.000,4,2024,Receiving Stolen Property,31-9-2,Possession of Stolen Vehicle or Parts,1,VLopez,2024-00027508-002,,
2024-00027431,BEACON AVE,2024-04-12T22:45:00.000,4,2024,Request for Assistance,Not Used,No violations,0,Central Station,2024-00027431-001,,
2024-00027270,200 Block RESEVOIR AVE,2024-04-12T12:33:14.000,4,2024,"Larceny, Other",11-41-1,LARCENY/U $1500 - ALL OTH LARCENY,1,ADeschamps,2024-00027270-001,,Larceny-theft
2024-00027147,ALASKA ST & RUSSO ST,2024-04-11T23:10:00.000,4,2024,Auto Towed,Not Used,Parking or MV Violation,0,LPrete,2024-00027147-001,,
2024-00500520,CHALKSTONE AVE,2024-04-11T11:02:12.000,4,2024,Vandalism,11-44-1,VANDALISM/MALICIOUS INJURY TO PROPERTY,1,NField,2024-00500520-001,,
2024-00026440,100 Block DELAIN ST,2024-04-10T00:32:00.000,4,2024,"Larceny, Other",11-41-1,LARCENY/U $1500 - ALL OTH LARCENY,1,ASubramaniam,2024-00026440-001,,Larceny-theft
2024-00026243,SMITHFIELD AVE,2024-04-08T17:47:00.000,4,2024,"Assault, Simple",11-5-3,SIMPLE ASSAULT OR BATTERY,1,Central Station,2024-00026243-001,,
2024-00026137,0 Block DORRANCE PL,2024-04-08T11:02:52.000,4,2024,Motor Vehicle Theft,11-41-1,LARCENY/O $1500 - AUTO THEFT,1,JManown,2024-00026137-001,,Motor Vehicle Theft
2024-00026036,PROVIDENCE,2024-04-07T22:47:00.000,4,2024,Suspicious Person,Not Used,No violations,0,Central Station,2024-00026036-001,,
2024-00500495,DOWNTOWN,2024-04-06T22:42:38.000,4,2024,Larceny from Motor Vehicle,11-41-1,LARCENY/U $1500 - FROM MV,1,NField,2024-00500495-001,,Larceny-theft
2024-00025575,EXHANGE ST & E APPROCH ST,2024-04-06T01:19:46.000,4,2024,Narcotics Violation,Not Used,"Under Investigation, Offense Pending",0,EPerry,2024-00025575-001,,
2024-00024653,0 Block PLEASANT VALLEY PKY,2024-04-02T17:58:00.000,4,2024,Weapons,11-47.1-3,Large capacity feeding devices prohibited,1,PTesseris,2024-00024653-001,,
2024-00024653,0 Block PLEASANT VALLEY PKY,2024-04-02T17:58:00.000,4,2024,Weapons,11-47-5,POSS OF ARMS BY CONVICT IN CRIME OF VIOL/FUGITIVE,1,PTesseris,2024-00024653-002,,
2024-00024653,0 Block PLEASANT VALLEY PKY,2024-04-02T17:58:00.000,4,2024,Weapons,11-47-8-A,LICENSE OR PERMIT REQUIRED FOR CARRYING PISTOL,1,PTesseris,2024-00024653-003,,
2024-00024338,VALLEY ST,2024-04-01T14:26:00.000,4,2024,Larceny from Motor Vehicle,11-41-1,LARCENY/U $1500 - FROM MV,1,Central Station,2024-00024338-001,,Larceny-theft
2024-00024329,GAY ST,2024-04-01T13:49:00.000,4,2024,Vandalism,11-44-1,VANDALISM/MALICIOUS INJURY TO PROPERTY,1,Central Station,2024-00024329-001,,
2024-00023881,HARTFORD AVE,2024-03-30T17:49:00.000,3,2024,Suspicious Person,Not Used,No Violations,0,SNoti,2024-00023881-001,,
2024-00500468,MAWNEY AVE,2024-03-27T23:41:14.000,3,2024,"Fraud, Credit Card",11-49-4,FRAUDULENT USE OF CREDIT CARDS,1,NField,2024-00500468-001,,
2024-00500462,DORRANCE ST,2024-03-27T14:55:46.000,3,2024,"Fraud, Swindle",11-49.1-3,IDENTITY FRAUD - FALSE PRETENSE,1,NField,2024-00500462-001,,
2024-00022980,0 Block CHAPIN ST,2024-03-27T13:37:00.000,3,2024,NULL,Not Used,NULL,0,DSepe,2024-00022980-001,,
2024-00022726,0 Block KELLEY ST,2024-03-26T13:44:00.000,3,2024,"Larceny, Other",11-41-1,LARCENY/U $1500 - ALL OTH LARCENY,1,DRosso,2024-00022726-001,,Larceny-theft
2024-00022713,0 Block PLEASANT VALLEY PKY,2024-03-26T12:41:35.000,3,2024,"Assault,Felony",Not Used,"Under Investigation, Offense Pending",0,KWilliams,2024-00022713-001,Aggravated Assault,
2024-00500456,BRANCH AVE,2024-03-26T06:36:10.000,3,2024,Vandalism,11-44-1,VANDALISM/MALICIOUS INJURY TO PROPERTY,1,NField,2024-00500456-001,,
2024-00500455,DABOLL,2024-03-26T01:49:50.000,3,2024,"Fraud, Credit Card",11-49-4,FRAUDULENT USE OF CREDIT CARDS,1,NField,2024-00500455-001,,
2024-00500454,GARNET ST,2024-03-25T20:12:12.000,3,2024,Vandalism,11-44-1,VANDALISM/MALICIOUS INJURY TO PROPERTY,1,NField,2024-00500454-001,,
2024-00500452,ATWELLS AVE,2024-03-25T12:32:05.000,3,2024,Vandalism,11-44-1,VANDALISM/MALICIOUS INJURY TO PROPERTY,1,NField,2024-00500452-001,,
2024-00500450,CROCUS STREET,2024-03-25T10:37:40.000,3,2024,"Larceny, Other",11-41-1,LARCENY/U $1500 - OTH LAR,1,NField,2024-00500450-001,,Larceny-theft
2024-00022365,0 Block DODGE ST,2024-03-25T08:18:00.000,3,2024,Request for Assistance,Not Used,No Violations,0,Central Station,2024-00022365-001,,
2024-00500446,POE ST,2024-03-24T15:39:44.000,3,2024,Vandalism,11-44-1,VANDALISM/MALICIOUS INJURY TO PROPERTY,1,JGreeno,2024-00500446-001,,
2024-00500445,ATWELL AVE AVE,2024-03-24T14:08:16.000,3,2024,Property Damage,Not Used,No Violations,0,JGreeno,2024-00500445-001,,
2024-00500439,200 Block FOUNTAIN ST,2024-03-23T22:24:43.000,3,2024,Vandalism,11-44-1,VANDALISM/MALICIOUS INJURY TO PROPERTY,1,JGreeno,2024-00500439-001,,
2024-00022013,VALLEY ST &  DEAN ST,2024-03-23T20:40:49.000,3,2024,Traffic Violation,31-26-2,Duty to Stop in Accidents Resulting in Damage to Attended Vehicles,1,FLopez,2024-00022013-001,,
2024-00500433,ATWELLS AVE,2024-03-23T13:01:17.000,3,2024,Vandalism,11-44-1,VANDALISM/MALICIOUS INJURY TO PROPERTY,1,JGreeno,2024-00500433-001,,
2024-00500431,200 Block FOUNTAIN ST,2024-03-23T10:57:13.000,3,2024,Larceny from Motor Vehicle,11-41-1,LARCENY/U $1500 - FROM MV,1,JGreeno,2024-00500431-001,,Larceny-theft
2024-00500427,200 Block FOUNTAIN ST,2024-03-23T09:00:36.000,3,2024,Vandalism,11-44-1,VANDALISM/MALICIOUS INJURY TO PROPERTY,1,JGreeno,2024-00500427-001,,
2024-00021587,100 Block HOWL ST,2024-03-22T09:23:04.000,3,2024,Auto Towed,Not Used,Parking or MV Violation,0,TGomes,2024-00021587-001,,
2024-00021481,ADMIRAL,2024-03-21T20:27:00.000,3,2024,RI Statute Violation,12-9-16,WARRANT OF ARREST ON AFFIDAVIT - ALL OTH OFFENSE,1,RFernandes,2024-00021481-001,,
2024-00021481,ADMIRAL,2024-03-21T20:27:00.000,3,2024,Traffic Violation,31-27-4,"Reckless Driving, Drag Racing - Attempting to Elude",1,RFernandes,2024-00021481-002,,
2024-00500421,FRIENDSHIP,2024-03-21T09:02:24.000,3,2024,Vandalism,11-44-1,VANDALISM/MALICIOUS INJURY TO PROPERTY,1,NField,2024-00500421-001,,
2024-00500419,FRIENDSHIP ST RD,2024-03-20T15:09:15.000,3,2024,Vandalism,11-44-1,VANDALISM/MALICIOUS INJURY TO PROPERTY,1,NField,2024-00500419-001,,
2024-00021147,ADMIRAL STREET,2024-03-20T13:45:00.000,3,2024,"Fraud, Swindle",11-49.1-3,IDENTITY FRAUD - FALSE PRETENSE,1,Central Station,2024-00021147-001,,
2024-00021095,0 Block ROGER WILLIAMS GRN,2024-03-20T09:48:25.000,3,2024,Dispersals,Not Used,No violations,0,MRudolph,2024-00021095-001,,
2024-00020636,0 Block S COURT ST,2024-03-18T15:18:50.000,3,2024,NULL,Not Used,NULL,0,SKawejsza,2024-00020636-001,,
2024-00500398,0 Block WILDWOOD DR,2024-03-16T00:22:17.000,3,2024,Vandalism,11-44-1,VANDALISM/MALICIOUS INJURY TO PROPERTY,1,NField,2024-00500398-001,,
2024-00019833,JOHN J PARTINGTON WAY  &  POINT ST,2024-03-15T20:01:00.000,3,2024,Receiving Stolen Property,31-9-2,Possession of Stolen Vehicle or Parts,1,VLopez,2024-00019833-001,,
2024-00019727,200 Block PORTER STREET,2024-03-15T14:56:00.000,3,2024,"Fraud, Credit Card",11-49-4,FRAUDULENT USE OF CREDIT CARDS,1,Central Station,2024-00019727-001,,
2024-00019681,BROOK ST &  GEORGE M COHAN BLVD,2024-03-15T12:15:00.000,3,2024,Dispersals,Not Used,No Violations,0,MHames,2024-00019681-001,,
2024-00500393,N BLACKSTONE BLVD,2024-03-15T08:19:53.000,3,2024,Larceny from Motor Vehicle,11-41-1,LARCENY/U $1500 - FROM MV,1,NField,2024-00500393-001,,Larceny-theft
2024-00019491,PROVIDENCE,2024-03-14T16:39:00.000,3,2024,"Fraud, Credit Card",11-49-4,FRAUDULENT USE OF CREDIT CARDS,1,Central Station,2024-00019491-001,,
2024-00018592,THURBERS AVE,2024-03-11T15:09:00.000,3,2024,Larceny from Motor Vehicle,11-41-1,LARCENY/U $1500 - FROM MV,1,Central Station,2024-00018592-001,,Larceny-theft
2024-00018294,0 Block HARRISON,2024-03-10T13:57:31.000,3,2024,Auto Towed,Not Used,Parking or MV Violation,0,MSandorse,2024-00018294-001,,
2024-00500376,RICHARDSON ST,2024-03-10T08:26:38.000,3,2024,Larceny from Motor Vehicle,11-41-1,LARCENY/U $1500 - FROM MV,1,NField,2024-00500376-001,,Larceny-theft
2024-00500375,N MAIN ST,2024-03-10T04:45:24.000,3,2024,Vandalism,11-44-1,VANDALISM/MALICIOUS INJURY TO PROPERTY,1,NField,2024-00500375-001,,
2024-00500370,1300 Block WILLARD AVE,2024-03-09T00:14:37.000,3,2024,Vandalism,11-44-1,VANDALISM/MALICIOUS INJURY TO PROPERTY,1,MTroia,2024-00500370-001,,
2024-00017441,N MAIN ST & HILLSIDE AVE,2024-03-07T15:31:00.000,3,2024,Receiving Stolen Property,31-9-2,Possession of Stolen Vehicle or Parts,1,VLopez,2024-00017441-001,,
2024-00017441,N MAIN ST & HILLSIDE AVE,2024-03-07T15:31:00.000,3,2024,RI Statute Violation,12-9-16,WARRANT OF ARREST ON AFFIDAVIT - ALL OTH OFFENSE,2,VLopez,2024-00017441-002,,
2024-00017441,N MAIN ST & HILLSIDE AVE,2024-03-07T15:31:00.000,3,2024,Warrant\Capias,BWARRANT-6D,BENCH WARRANT ISSUED FROM 6TH DISTRICT COURT,1,VLopez,2024-00017441-003,,
2024-00017416,ATWELLS AVE.,2024-03-07T13:34:00.000,3,2024,Suspicious Person,Not Used,No Violations,0,Central Station,2024-00017416-001,,
2024-00017225,DOUGLAS AVE &  146,2024-03-06T18:02:00.000,3,2024,Motor Vehicle Violation,Not Used,No Violations,0,RCriner,2024-00017225-001,,
2024-00017186,0 Block PLEASANT VALLEY PKY,2024-03-06T15:45:18.000,3,2024,"Larceny, Shoplifting",11-41-20,SHOPLIFTING-FELONY - SHOPLIFTING,1,ELane,2024-00017186-001,,Larceny-theft
2024-00017186,0 Block PLEASANT VALLEY PKY,2024-03-06T15:45:18.000,3,2024,Bad Checks,11-1-6,CONSPIRACY - BAD CHECK,1,ELane,2024-00017186-002,,
2024-00500352,WICKENDEN ST,2024-03-06T12:02:20.000,3,2024,"Larceny, Other",11-41-1,LARCENY/U $1500 - ALL OTH LARCENY,1,MTroia,2024-00500352-001,,Larceny-theft
2024-00017117,0 Block PERKINS ST,2024-03-06T11:56:53.000,3,2024,Suspicious Person,Not Used,No Violations,0,LFernandez,2024-00017117-001,,
2024-00017061,"500 Block DYER AVE, BUILDING G UNIT 126",2024-03-06T07:17:00.000,3,2024,Narcotics Violation,Not Used,"Under Investigation, Offense Pending",0,RFoley,2024-00017061-001,,
2024-00500349,PARK ST,2024-03-05T21:43:12.000,3,2024,Vandalism,11-44-1,VANDALISM/MALICIOUS INJURY TO PROPERTY,1,NField,2024-00500349-001,,
2024-00016694,0 Block FINANCIAL PL,2024-03-04T18:50:27.000,3,2024,Drug Offenses,21-28-4.01-C1A,POSSESSION OF SCHEDULE I II III,1,CMain,2024-00016694-001,,
2024-00500324,PARK ST,2024-03-03T22:23:53.000,3,2024,Larceny from Motor Vehicle,11-41-1,LARCENY/U $1500 - FROM MV,1,JGreeno,2024-00500324-001,,Larceny-theft
2024-00500329,PARK ST,2024-03-03T22:10:27.000,3,2024,Vandalism,11-44-1,VANDALISM/MALICIOUS INJURY TO PROPERTY,1,NField,2024-00500329-001,,
2024-00500328,PARK ST,2024-03-03T22:02:58.000,3,2024,Larceny from Motor Vehicle,11-41-1,LARCENY/U $1500 - FROM MV,1,NField,2024-00500328-001,,Larceny-theft
2024-00016376,SOMERSET ST,2024-03-03T19:25:00.000,3,2024,Vandalism,11-44-1,VANDALISM/MALICIOUS INJURY TO PROPERTY,1,Central Station,2024-00016376-001,,
2024-00015786,400 Block WOONASQUATUCKET AVENUE,2024-03-01T18:37:00.000,3,2024,NULL,Not Used,NULL,0,VLopez,2024-00015786-001,,
2024-00015761,MEMORIAL BLVD &  POST OFFICE CT,2024-03-01T17:05:00.000,3,2024,Traffic Violation,31-11-18,"Driving after Denial, Suspension or Revocation of License",1,RCriner,2024-00015761-001,,
2024-00015711,POINT ST  &  S WATER ST,2024-03-01T14:25:00.000,3,2024,RI Statute Violation,12-9-16,WARRANT OF ARREST ON AFFIDAVIT - ALL OTH OFFENSE,1,VLopez,2024-00015711-001,,
2024-00015629,POE ST,2024-03-01T08:16:31.000,3,2024,Auto Towed,Not Used,Parking or MV Violation,0,CVingi,2024-00015629-001,,
2024-00500313,NORTH MAIN ST,2024-02-29T13:32:19.000,2,2024,Larceny from Motor Vehicle,11-41-1,LARCENY/U $1500 - FROM MV,1,NField,2024-00500313-001,,Larceny-theft
2024-00500310,CULVER ST,2024-02-29T11:12:31.000,2,2024,Vandalism,11-44-1,VANDALISM/MALICIOUS INJURY TO PROPERTY,1,NField,2024-00500310-001,,
2024-00015268,SOUTH WATER ST,2024-02-28T23:02:00.000,2,2024,"Larceny, Other",11-41-1,LARCENY/O $1500 - ALL OTH LARCENY,1,Central Station,2024-00015268-001,,Larceny-theft
2024-00500299,CRANSTON ST,2024-02-27T12:08:15.000,2,2024,"Larceny, Other",11-41-1,LARCENY/U $1500 - ALL OTH LARCENY,1,JGreeno,2024-00500299-001,,Larceny-theft
2024-00014593,LOCKWWOD ST & FRIENDSHIP ST,2024-02-26T13:24:31.000,2,2024,Auto Towed,Not Used,Parking or MV Violation,0,JDeschamps,2024-00014593-001,,
2024-00014566,RT 6 WEST,2024-02-26T11:30:59.000,2,2024,Property Damage,Not Used,No violations,0,JDeschamps,2024-00014566-001,,
2024-00500291,BRAYTON AVE,2024-02-24T22:35:46.000,2,2024,Vandalism,11-44-1,VANDALISM/MALICIOUS INJURY TO PROPERTY,1,NField,2024-00500291-001,,
2024-00014112,S WATER ST,2024-02-24T15:27:00.000,2,2024,"Larceny, Other",11-41-1,LARCENY/U $1500 - ALL OTH LARCENY,1,Central Station,2024-00014112-001,,Larceny-theft
2024-00500290,SPRUCE ST,2024-02-24T13:46:36.000,2,2024,Vandalism,11-44-1,VANDALISM/MALICIOUS INJURY TO PROPERTY,1,MTroia,2024-00500290-001,,
2024-00500288,SOUTH WATER ST,2024-02-24T08:51:30.000,2,2024,Larceny from Motor Vehicle,11-41-1,LARCENY/U $1500 - FROM MV,1,MTroia,2024-00500288-001,,Larceny-theft
2024-00500285,ATWELLS AVE,2024-02-23T22:31:23.000,2,2024,Larceny from Motor Vehicle,11-41-1,LARCENY/U $1500 - FROM MV,1,MTroia,2024-00500285-001,,Larceny-theft
2024-00013870,200 Block BAILEY BLVD,2024-02-23T16:56:00.000,2,2024,Suspicious Person,Not Used,No Violations,0,NManfredi,2024-00013870-001,,
2024-00013678,ATWELLS AVE @ DEPASQUALE ST,2024-02-22T18:37:00.000,2,2024,Vandalism,11-44-1,VANDALISM/MALICIOUS INJURY TO PROPERTY,1,CCurrier,2024-00013678-001,,
2024-00500279,ACADEMY AVE,2024-02-22T13:30:07.000,2,2024,"Larceny, Other",11-41-1,LARCENY/U $1500 - ALL OTH LARCENY,1,MTroia,2024-00500279-001,,Larceny-theft
2024-00013596,0 Block NORTHWOOD LN,2024-02-22T12:48:07.000,2,2024,Assistance Rendered,Not Used,No Violations,0,THoulihan,2024-00013596-001,,
2024-00013590,0 Block BOWLET ST,2024-02-22T12:30:00.000,2,2024,"Fraud, Swindle",11-49.1-3,IDENTITY FRAUD - FALSE PRETENSE,1,Central Station,2024-00013590-001,,
2024-00047751,0 Block PLEASANT VALLEY PKY,2024-06-15T18:48:00.000,6,2024,,Not Used,,0,RFernandes,2024-00047751-002,,
2024-00037682,STILLMAN ST,2024-05-17T03:06:47.000,5,2024,,Not Used,No violations,0,ADaCruz,2024-00037682-002,,
2024-00022980,0 Block CHAPIN ST,2024-03-27T13:37:00.000,3,2024,,Not Used,,0,DSepe,2024-00022980-002,,
2024-00020636,0 Block S COURT ST,2024-03-18T15:18:50.000,3,2024,,Not Used,,0,SKawejsza,2024-00020636-002,,
2024-00015786,400 Block WOONASQUATUCKET AVENUE,2024-03-01T18:37:00.000,3,2024,,Not Used,,0,VLopez,2024-00015786-002,,
2024-00012219,ALDRICH ST,2024-02-17T00:25:38.000,2,2024,Motor Vehicle Violation,Not Used,No Violations,0,JNajarian,2024-00012219-001,,
2024-00012220,CHAD BROWN ST,2024-02-17T00:14:00.000,2,2024,"Assault, Aggravated",11-5-2,FELONY ASSAULT/ DANG. WEAPON OR SUBSTANCE,1,JMontilla,2024-00012220-001,Aggravated Assault,
2024-00012220,CHAD BROWN ST,2024-02-17T00:14:00.000,2,2024,"Assault, Simple",11-5-3,SIMPLE ASSAULT OR BATTERY,1,JMontilla,2024-00012220-002,,
2024-00012069,DORRANCE ST,2024-02-16T16:07:00.000,2,2024,Assistance Rendered,Not Used,No violations,0,Central Station,2024-00012069-001,,
2024-00011617,0 Block BOWLET ST,2024-02-14T23:19:00.000,2,2024,Request for Assistance,Not Used,No Violations,0,CAlves,2024-00011617-001,,
2024-00500230,ALGER AVENUE,2024-02-14T07:09:07.000,2,2024,"Fraud, Credit Card",11-49-4,FRAUDULENT USE OF CREDIT CARDS,1,MTroia,2024-00500230-001,,
2024-00500226,S 141 OAK ST ST,2024-02-13T12:05:59.000,2,2024,"Fraud, Swindle",11-49.1-3,IDENTITY FRAUD - FALSE PRETENSE,1,NField,2024-00500226-001,,
2024-00500219,CLIFFORD ST,2024-02-12T19:40:50.000,2,2024,"Larceny, Other",11-41-1,LARCENY/U $1500 - ALL OTH LARCENY,1,MTroia,2024-00500219-001,,Larceny-theft
2024-00010730,,2024-02-11T02:49:40.000,2,2024,Request for Assistance,Not Used,No Violations,0,JMontilla,2024-00010730-001,,
2024-00010405,HARTFORD AVE,2024-02-10T02:22:00.000,2,2024,Weapons,11-47.1-3,Large capacity feeding devices prohibited,1,LBoror,2024-00010405-001,,
2024-00010405,HARTFORD AVE,2024-02-10T02:22:00.000,2,2024,Weapons,11-47-8-A,LICENSE OR PERMIT REQUIRED FOR CARRYING PISTOL,1,LBoror,2024-00010405-002,,
2024-00010172,PINEHURST AVE,2024-02-09T11:02:09.000,2,2024,"Assault, Simple",11-5-3,SIMPLE ASSAULT OR BATTERY,1,JLanier,2024-00010172-001,,
2024-00010132,0 Block PLEASANT VALLEY PKY,2024-02-09T06:19:00.000,2,2024,Larceny from Building,11-41-1,LARCENY/U $1500 - FROM BLD,1,GScarcello,2024-00010132-001,,Larceny-theft
2024-00500198,NORTH MAIN ST,2024-02-08T23:09:49.000,2,2024,Vandalism,11-44-1,VANDALISM/MALICIOUS INJURY TO PROPERTY,1,MTroia,2024-00500198-001,,
2024-00010029,0 Block PLEASANT VALLEY PKY,2024-02-08T20:03:00.000,2,2024,"Assault, Aggravated",11-5-2,FELONY ASSAULT,1,ALima,2024-00010029-001,Aggravated Assault,
2024-00009944,DEAN ST,2024-02-08T15:13:00.000,2,2024,Bad Checks,19-9-24,FRAUDULENT CHECKS- (UNDER $1000),1,Central Station,2024-00009944-001,,
2024-00009818,E FRANKLIN ST &  POINT ST,2024-02-08T01:46:11.000,2,2024,RI Statute Violation,37-15-6,LITTERING PROHIBITED,1,RRaso,2024-00009818-001,,
2024-00009818,E FRANKLIN ST &  POINT ST,2024-02-08T01:46:11.000,2,2024,Traffic Violation,31-22-21.1,Presence of Alcoholic Beverage While Operating or Riding in Motor Vehicle,1,RRaso,2024-00009818-002,,
2024-00500190,0 Block GREEN ST,2024-02-07T16:16:45.000,2,2024,"Larceny, Other",11-41-1,LARCENY/U $1500 - ALL OTH LARCENY,1,NField,2024-00500190-001,,Larceny-theft
2024-00009619,100 Block ELMDALE ST,2024-02-07T12:17:57.000,2,2024,Animal Bite,Not Used,No Violations,0,JLugo,2024-00009619-001,,
2024-00500184,200 Block LONSDALE AVE,2024-02-06T04:15:02.000,2,2024,"Fraud, Credit Card",11-49-4,FRAUDULENT USE OF CREDIT CARDS,1,NField,2024-00500184-001,,
2024-00009118,GORDON AVE,2024-02-05T13:12:00.000,2,2024,"Fraud, Swindle",11-49.1-3,IDENTITY FRAUD - FALSE PRETENSE,1,Central Station,2024-00009118-001,,
2024-00500165,TOCKWOTTON ST,2024-02-02T00:44:13.000,2,2024,Vandalism,11-44-1,VANDALISM/MALICIOUS INJURY TO PROPERTY,1,NField,2024-00500165-001,,
2024-00008078,POCASSET AVE,2024-02-01T14:05:00.000,2,2024,Motor Vehicle Theft,11-41-1,LARCENY/O $1500 - AUTO THEFT,1,Central Station,2024-00008078-001,,Motor Vehicle Theft
2024-00008060,BRANCH AVE & RTE 95N ON RAMP,2024-02-01T12:46:00.000,2,2024,Suspicious Person,Not Used,No Violations,0,JNajarian,2024-00008060-001,,
2024-00007917,PARADE ST,2024-01-31T20:17:00.000,1,2024,Request for Assistance,Not Used,No violations,0,Central Station,2024-00007917-001,,
2024-00007911,WEYBOSSET ST,2024-01-31T19:45:00.000,1,2024,Suspicious Person,Not Used,No violations,0,Central Station,2024-00007911-001,,
2024-00500149,SNOW ST AREA,2024-01-29T16:35:32.000,1,2024,"Larceny, Other",11-41-1,LARCENY/U $1500 - ALL OTH LARCENY,1,NField,2024-00500149-001,,Larceny-theft
2024-00007112,95  &  BRANCH AVE,2024-01-28T17:16:00.000,1,2024,"Assault, Simple",11-5-3,SIMPLE ASSAULT OR BATTERY,1,Central Station,2024-00007112-001,,
2024-00006893,POE ST &  BAY ST,2024-01-27T19:09:00.000,1,2024,Narcotics Violation,Not Used,"Under Investigation, Offense Pending",0,DForte,2024-00006893-001,,
2024-00006764,100 Block SABIN ST,2024-01-27T07:19:00.000,1,2024,Larceny from Motor Vehicle,11-41-1,LARCENY/O $1500 - FROM MV,1,FTavares,2024-00006764-001,,Larceny-theft
2024-00006740,0 Block ATLANTIC ST,2024-01-27T03:28:59.000,1,2024,Drug Offenses,21-28-4.01-C1A,POSSESSION OF SCHEDULE I II III,1,CGordillo Perez,2024-00006740-001,,
2024-00006535,0 Block PLEASANT VALLEY PKY,2024-01-26T16:07:00.000,1,2024,DUI,31-27-2,Driving Under the Influence of Liqour or Drugs (=>.08<.1),1,RCriner,2024-00006535-001,,
2024-00006005,100 Block MASSACHUSSET ST,2024-01-24T14:55:18.000,1,2024,Burglary,11-8-1.1,ATTEMPTED BREAKING AND ENTERING,1,JWagnac,2024-00006005-001,,Burglary
2024-00005620,S WATER ST,2024-01-22T23:34:00.000,1,2024,Vandalism,11-44-1,VANDALISM/MALICIOUS INJURY TO PROPERTY,1,Central Station,2024-00005620-001,,
2024-00005515,ORMS ST,2024-01-22T15:21:00.000,1,2024,Larceny from Building,11-41-1,LARCENY/U $1500 - FROM BLD,1,Central Station,2024-00005515-001,,Larceny-theft
2024-00005384,EXCHANGE TER &  FRANCIS ST,2024-01-22T02:07:58.000,1,2024,RI Statute Violation,12-9-16,WARRANT OF ARREST ON AFFIDAVIT - ALL OTH OFFENSE,1,HViruet,2024-00005384-001,,
2024-00005152,MEMORIAL BLVD  &  FRANCIS ST,2024-01-21T00:47:02.000,1,2024,Warrant\Capias,BWARRANT-6D,BENCH WARRANT ISSUED FROM 6TH DISTRICT COURT,1,CSalinas,2024-00005152-001,,
2024-00005152,MEMORIAL BLVD  &  FRANCIS ST,2024-01-21T00:47:02.000,1,2024,Traffic Violation,31-11-18,"Driving after Denial, Suspension or Revocation of License",1,CSalinas,2024-00005152-002,,
2024-00500108,BODELL AVE,2024-01-20T14:02:51.000,1,2024,"Larceny, Other",11-41-1,LARCENY/U $1500 - OTH LAR,1,MTroia,2024-00500108-001,,Larceny-theft
2024-00004881,FRANCIS ST  &  MEMORIAL BLVD,2024-01-20T00:12:57.000,1,2024,Motor Vehicle Violation,Not Used,No Violations,0,CFernandez,2024-00004881-001,,
2024-00004250,CHARLES ST,2024-01-17T14:35:00.000,1,2024,"Assault, Simple",11-5-3,SIMPLE ASSAULT OR BATTERY,1,Central Station,2024-00004250-001,,
2024-00500094,0 Block KELLEY,2024-01-17T13:22:53.000,1,2024,Larceny from Motor Vehicle,11-41-1,LARCENY/U $1500 - FROM MV,1,NField,2024-00500094-001,,Larceny-theft
2024-00500093,EATON ST,2024-01-17T12:11:47.000,1,2024,Larceny from Motor Vehicle,11-41-1,LARCENY/U $1500 - FROM MV,1,NField,2024-00500093-001,,Larceny-theft
2024-00500092,0 Block KELLEY,2024-01-17T11:24:49.000,1,2024,Larceny from Motor Vehicle,11-41-1,LARCENY/U $1500 - FROM MV,1,NField,2024-00500092-001,,Larceny-theft
2024-00003944,RESERVOIR AVE,2024-01-16T08:47:09.000,1,2024,Motor Vehicle Theft,11-41-1,LARCENY/O $1500 - AUTO THEFT,1,ADeschamps,2024-00003944-001,,Motor Vehicle Theft
2024-00500084,BOLYSTON AVE,2024-01-14T15:56:02.000,1,2024,Vandalism,11-44-1,VANDALISM/MALICIOUS INJURY TO PROPERTY,1,MTroia,2024-00500084-001,,
2024-00005515,ORMS ST,2024-01-22T15:21:00.000,1,2024,"Larceny, Other",11-41-7,LARCENY FROM THE PERSON - ALL OTH LARCENY,1,Central Station,2024-00005515-002,,Larceny-theft
2024-00003469,MANTON AVE  &  CORTEZ ST ST,2024-01-14T02:31:06.000,1,2024,Traffic Violation,31-27-4.1,Eluding a Law Enforcement Officer with a MV in a High Speed Pursuit,1,DCarias,2024-00003469-001,,
2024-00003469,MANTON AVE  &  CORTEZ ST ST,2024-01-14T02:31:06.000,1,2024,DUI,31-27-2,Driving Under the Influence of Liqour or Drugs (=>.08<.1),1,DCarias,2024-00003469-002,,
2024-00003331,BROAD ST,2024-01-13T17:42:00.000,1,2024,Motor Vehicle Theft,11-41-1,LARCENY/O $1500 - AUTO THEFT,1,Central Station,2024-00003331-001,,Motor Vehicle Theft
2024-00500069,PEKIN AT ALAMA ST,2024-01-11T23:26:57.000,1,2024,Vandalism,11-44-1,VANDALISM/MALICIOUS INJURY TO PROPERTY,1,NField,2024-00500069-001,,
2024-00002773,DETROIT AVENUE,2024-01-11T20:20:00.000,1,2024,Robbery,11-39-1,ROBBERY-2ND DEGREE,1,JCotugno,2024-00002773-001,Robbery,
2024-00002614,PINE ST & E FRANKLIN ST,2024-01-11T07:18:00.000,1,2024,Stolen Vehicle\Recovered,Not Used,No Violations,0,CCastagliuolo,2024-00002614-001,,
2024-00002454,BROADWAY  &  GREENE ST,2024-01-10T15:19:49.000,1,2024,"Assault, Simple",11-5-3,SIMPLE ASSAULT OR BATTERY,1,CMain,2024-00002454-001,,
2024-00002371,WEYBOSSET ST,2024-01-10T08:14:00.000,1,2024,"Assault, Simple",11-5-3,SIMPLE ASSAULT OR BATTERY,1,Central Station,2024-00002371-001,,
2024-00002332,0 Block MARLBOROUGH ST,2024-01-10T04:03:35.000,1,2024,Auto Towed,Not Used,Parking or MV Violation,0,EPerry,2024-00002332-001,,
2024-00002132,0 Block WHIPPOORWILL RD,2024-01-09T12:48:00.000,1,2024,Request for Assistance,Not Used,No Violations,0,,2024-00002132-001,,
2024-00001955,FINANCE WAY  &  MEMORIAL BLVD,2024-01-08T17:09:00.000,1,2024,Request for Assistance,Not Used,No Violations,0,DAnderson,2024-00001955-001,,
2024-00500049,S CRIMEA,2024-01-08T15:06:59.000,1,2024,Larceny from Motor Vehicle,11-41-1,LARCENY/U $1500 - FROM MV,1,NField,2024-00500049-001,,Larceny-theft
2024-00001924,F C GREENE MEMORIAL BLVD,2024-01-08T14:57:00.000,1,2024,"Larceny, Other",11-41-7,LARCENY FROM THE PERSON - ALL OTH LARCENY,1,Central Station,2024-00001924-001,,Larceny-theft
2024-00001868,BROAD ST,2024-01-08T09:31:00.000,1,2024,"Larceny, Other",11-41-1,LARCENY/U $1500 - ALL OTH LARCENY,1,Central Station,2024-00001868-001,,Larceny-theft
2024-00001837,600 Block PLEASANT VALLEY PKY,2024-01-08T07:23:00.000,1,2024,Property Damage,Not Used,No violations,0,KBass,2024-00001837-001,,
2024-00001499,0 Block THOMAS SPANN WAY,2024-01-06T17:06:06.000,1,2024,Request for Assistance,Not Used,No Violations,0,IQuinn,2024-00001499-001,,
2024-00000660,BONANZA WAY,2024-01-03T14:20:05.000,1,2024,Suspicious Person,Not Used,No Violations,0,TJones,2024-00000660-001,,
2024-00500016,W FOUNTAIN ST,2024-01-02T19:15:31.000,1,2024,Vandalism,11-44-1,VANDALISM/MALICIOUS INJURY TO PROPERTY,1,NField,2024-00500016-001,,
2024-00000443,TOCKWOTTON ST,2024-01-02T17:53:00.000,1,2024,Larceny from Motor Vehicle,11-41-1,LARCENY/O $1500 - FROM MV,1,Central Station,2024-00000443-001,,Larceny-theft
2024-00000422,MEMORIAL BLVD &  FRANCIS ST,2024-01-02T16:48:00.000,1,2024,Assistance Rendered,Not Used,No Violations,0,ACalle,2024-00000422-001,,
2024-00500013,1000 Block LONSDALE AVE,2024-01-02T14:56:36.000,1,2024,"Larceny, Other",11-41-1,LARCENY/U $1500 - ALL OTH LARCENY,1,NField,2024-00500013-001,,Larceny-theft
2024-00000210,JOSLIN ST  &  MANTON AVE,2024-01-01T18:56:00.000,1,2024,Auto Towed,Not Used,Parking or MV Violation,0,NEastman,2024-00000210-001,,
2024-00500006,ATWELL AVE,2024-01-01T14:12:15.000,1,2024,Vandalism,11-44-1,VANDALISM/MALICIOUS INJURY TO PROPERTY,1,NField,2024-00500006-001,,
